{
	"assgin":{
		"raw": <<EOF
			@if(section.settings.blog_picker && section.settings.blog_picker.length)
				{% assign current = blogs['@print(section.settings.blog_picker[0].value)'] %}
			@else
				{% assign current = blogs['news'] %}
			@endif

			{% assign limit = 3 %}
		EOF,
		"content":""
	},
	"url_blog":{
		"raw":"{{current.url}}"
	},
	"blog_items" : {
		"raw" : <<EOF
			{% for item in current.articles limit:limit%}
				{%- if forloop.index0 == 0 -%}
					<div class="lh-col-md-5">
				{%- endif -%}
				{%- if forloop.index0 == 1 -%}
					<div class="lh-col-md-7">
				{%- endif -%}
				<div class="lh-blog-item">
					<div class="lh-blog--thumbnail">
						<a href="{{item.url}}">
							@if(section.settings.image_size == 'full' || section.settings.image_size == '' )
									<img src="{{item.image | img_url : 'master'}}" alt="{{item.title}}">
							@else
								<img src="{{item.image | img_url : '@print(section.settings.image_size)'}}" alt="{{item.title}}">
							@endif
						</a>
							<div class="lh-body--action">
								<a href="{{item.url}}" class="lh-body--action__btn">@print(section.settings.read_more)</a>
							</div>
					</div>
					<div class="lh-blog--info">
						<div class="lh-body--header">
							<h3 class="lh-body--header__title">
								<a href="{{item.url}}">{{item.title}}</a>
							</h3>
						</div>
						<div class="lh-info-buttom">
							<div class="lh-blog--author">
								<span data-lhi="by">
									@print(section.settings.by)
									<a href="#">{{item.author}}</a>
								</span>
							</div>
							<div class="lh-blog--date">
								<p>{{ item.published_at | date: '%d/%m/%Y' }}</p>
							</div>
						</div>
					</div>
				</div>
				{%- if forloop.index0 == 0 or forloop.index0 == 2 -%}
					</div>
				{%- endif -%}
			{% endfor %}


		EOF,
		"content" : ""
	}
}
