{
	"assign":{
		"raw":<<EOF
			@if(section.settings.collection && section.settings.collection.length)
				{% assign current = collections['@print(section.settings.collection[0].value)'] %}
			@else
				{% assign current = collections['all'] %}
			@endif
			{% assign limit = @print(section.settings.limit)%}
		EOF,
		"content": ""
	},
	"product_id":{
		"raw":"{{- product.id -}}",
		"content":""
	},
	"collection_url":{
		"raw":"{{- current.url -}}",
		"content":""
	},
	"money_format": {
		"raw":"{{shop.money_format | url_encode }}",
		"content":"${{amount}}"
	},
	"product":{
		"raw":<<EOF
		{%- assign color_names = '' | split: ',' -%}
		{%- assign color_names_downcase = '' | split: ',' -%}
		{%- assign color_values = '' | split: ','  -%}
		{%- if shop.metafields.layouthub and shop.metafields.layouthub.colors and shop.metafields.layouthub.colors contains '|' -%}
			{% assign colors = shop.metafields.layouthub.colors | split: '|' %}
			{%- assign color_names = colors | first | strip | split: ',' -%}
			{%- assign color_names_downcase = colors | first | strip | downcase | split: ',' -%}
			{%- assign color_values = colors | last | strip | split: ',' -%}
		 {%- endif -%}
		EOF,
		"content":""
	},
	"product_items" : {
		"raw" : <<EOF
					{% for product in current.products limit:limit %}
					{% assign first_variant = product.selected_or_first_available_variant %}
						<div class="lh-collection-item lh-col-md-3">
							<div class="lh-collection-thumb">
								<a href="{{product.url | within: collection}}">
									@if(section.settings.image_size == 'full' || section.settings.image_size == '' )
											<img src="{{product.featured_image | img_url : 'master'}}" alt="{{product.title}}">
										{% if product.images.size > 1 %}
											<img src="{{product.images[1] | img_url : 'master'}}" class="hover-image" alt="{{product.title}}">
										{% else %}
											<img src="{{product.featured_image | img_url : 'master'}}" class="hover-image" alt="{{product.title}}">
										{% endif %}
									@else
										<img src="{{product.featured_image | img_url : '@print(section.settings.image_size)'}}" alt="{{product.title}}">
										{% if product.images.size > 1 %}
											<img src="{{product.images[1] | img_url : '@print(section.settings.image_size)'}}" class="hover-image" alt="{{product.title}}">
										{% else %}
											<img src="{{product.featured_image | img_url : '@print(section.settings.image_size)'}}" class="hover-image" alt="{{product.title}}">
										{% endif %}
									@endif
								</a>
								<div class="lh-product-buttons">
									<ul class="lh-icon-features">
											@if(section.settings.quickview_text)
                      <li class="lh-block-quick-view">
												{% capture quickview_content %}
                      	<a href="javascript:void(0)">
	                      	@print(section.settings.quickview_text)
                        </a>
												{% endcapture %}
												{% render 'layouthub_quickview', quickview_content: quickview_content, product: product %}
                      </li>
											@endif
											<li class="lh-block-addcart">
												@if(section.settings.use_swatch == 'yes')
													@if(section.settings.addcart_text && section.settings.soldout_text )
													<a href="javascript:;" class="lh-btn-add-to-cart lh-ajax-add-cart" data-handle="{{product.handle}}" data-pid="{{product.id}}" data-addcart-text="@print(section.settings.addcart_text)" data-soldout-text="@print(section.settings.soldout_text)" data-unavai-text="@print(section.settings.unavailable_text)">
														{%- if product.available -%}
																@print(section.settings.addcart_text)
														{%- else -%}
															@print(section.settings.soldout_text)
														{%- endif -%}
													</a>
													@endif
												@else
													{%- if product.available -%}
														{%- if product.variants.size > 1 -%}
															@if(section.settings.quickshop_text)
															<a href="{{product.url}}" class="lh-btn-product-options" data-handle="{{product.handle}}" data-pid="{{product.id}}">
																@print(section.settings.quickshop_text)
															</a>
															@endif
														{%- else -%}
															@if(section.settings.addcart_text)
															<a href="/cart/add/{{product.selected_or_first_available_variant.id}}" class="lh-btn-add-to-cart" data-handle="{{product.handle}}" data-pid="{{product.id}}">
																@print(section.settings.addcart_text)
															</a>
															@endif
														{%- endif -%}
													{%- else -%}
														@if(section.settings.soldout_text)
														<a href="{{product.url}}" class="lh-product-btn-outstock" data-handle="{{product.handle}}" data-pid="{{product.id}}">
															@print(section.settings.soldout_text)
														</a>
														@endif
													{%- endif -%}
												@endif
											</li>
                  </ul>
								</div>
								<div class="lh-product-badges">
									{% if first_variant.available == false %}
									@if(section.settings.trans_soldout_text)
									<span class="lh-sold-out">@print(section.settings.trans_soldout_text)</span>
									@endif
									{% else %}
										{% if first_variant.price < first_variant.compare_at_price and first_variant.available %}
											<span class="lh-onsale">-{{ first_variant.compare_at_price | minus: first_variant.price | times: 100 | divided_by: first_variant.compare_at_price}}%</span>
										{% else %}
											<span class="lh-onsale" style="display: none">-0%</span>
										{% endif %}
											@if(section.settings.trans_new_text)
											{%- for tag in product.tags -%}
												{%- if tag == 'new' -%}
													<span class="lh-hot">@print(section.settings.trans_new_text)</span>
													{%- break -%}
												{%- endif -%}
											{%- endfor -%}
											@endif

									{% endif %}
								</div>
							</div>
							<div class="lh-collection-info">
									<div class="lh-title-wrap ">
										<h3 class="lh-product-title">
											<a href="{{product.url | within: collection}}">{{product.title}}</a>
										</h3>
									</div>
									<div class="lh-price">
										{% if first_variant.compare_at_price > 0 and first_variant.compare_at_price > first_variant.price %}
										<del class="lh-product-compare-price">{{first_variant.compare_at_price | money}}</del>
										{% endif %}
										<ins class="lh-product-price">{{first_variant.price | money}}</ins>
									</div>
									@if(section.settings.use_rating == "yes")
										<div class="lh-wrap-rating">
											{% render 'layouthub_review',  review_type: 'single' , product: product %}
										</div>
									@endif
									@if(section.settings.use_swatch == 'yes')
										<form class="lh-product-swatch" action="/cart/add" method="get" id="lh-form-swatch-{{product.id }}" target="_blank">
											<input type="hidden" name="id" value="{{product.selected_or_first_available_variant.id}}">
											<input type="hidden" name="quantity" value="1">
											{% if product.variants.size > 1 %}
												<div class="lh-block_variants" id="lh-product-select-{{ product.id }}">
													{% for product_option in product.options_with_values %}
														{% assign style_variant = 'tag' %}
														{% assign isImage = "no" %}
														{% assign showValue = "no" %}
														@for(section.settings.group_variants as setting_variant)
															{% assign option_name = product_option.name | downcase %}
															{% assign swatch_name = '@print(setting_variant.swatch_name)' | downcase %}
															{%- if option_name == swatch_name -%}
																{% assign isImage = '@print(setting_variant.is_swatch_image)' %}
																{% assign showValue = '@print(setting_variant.show_value)' %}
																{% assign style_variant = '@print(setting_variant.swatch_style)' %}
																{%- if style_variant == 'circle' or style_variant == 'square' -%}
																	{% assign option_index = 'option' | append: forloop.index %}
																{%- endif -%}
															{%- endif -%}
														@endfor
														{%- if product_option.name != 'Title' -%}
																<div class="lh-block-variants">
																	<div class="lh-items-variants">
																	<ul class="lh-content__variants_list" data-variant="{{product_option.name}}" data-target="lh-product-select-{{ product.id }}-option-{{forloop.index0}}" data-style={{style_variant}} data-use-image="{{isImage}}">
																	{% for value in product_option.values %}
																		<li class="lh-swatch-on-grid {% if product_option.selected_value == value %}active{% endif %}">
																			{% assign lh_bg = '#dddddd' %}
																			{% assign is_color_image = '' %}
																			<!-- SET BACKGROUND SWATCH TYPE COLOR -->
																			{%- if style_variant == 'circle' or style_variant == "square" -%}
																				{%- if isImage == 'no' -%}
																					{%- if color_names contains value -%}
																						{% assign is_color_image = 'lh-color-image' %}
																						{%- for color in color_names%}
																							{%- assign lh_bg =  color_values[forloop.index0] -%}

																							{%- if color == value -%}
																								{%- break -%}
																							{%- endif -%}
																						{%- endfor -%}
																					{%- endif -%}
																				<!-- SET BACKGROUND SWATCH TYPE IMAGE -->
																				{%- elsif isImage == 'yes' -%}
																					{%- for var in product.variants -%}
																						{%- if var[option_index] == value -%}
																							{% assign is_color_image = 'lh-color-image' %}
																								{%- if var.featured_image != null -%}
																									{% assign lh_image = var | img_url: "120x120", crop: 'center' %}
																									{% assign lh_bg = 'url(' | append: lh_image | append: ') center center/cover no-repeat' %}
																									{%- break -%}
																								{%- endif -%}
																						{%- endif -%}
																					{%- endfor -%}
																				{%- endif -%}
																			{%- endif -%}
																			{% assign use_bg = false %}
																			{%- if style_variant == 'circle' or style_variant == 'square' -%}
																				{% assign use_bg = true %}
																			{%- endif -%}
																			<span class="lh-swatch {{is_color_image}}" data-value="{{value}}" title="{{value}}">

																				{%- if use_bg  -%}
																					<span class="lh-swatch-bg" style="background : {{lh_bg}}">

																					</span>
																					{%- if showValue == "yes" -%}
																						<span class="lh-swatch-title">{{ value }}</span>
																					{%- endif -%}
																				{%- else  -%}
																					<span class="lh-swatch-title">{{ value }}</span>
																				{%- endif -%}
																			</span>
																		</li>
																	{% endfor %}
																	</ul>
																</div>
																</div>
														{%- endif -%}
													{% endfor %}
												</div>
											{% endif %}
											<script id="lh-swatch-json-{{product.id}}" type="application/json">
											{% assign product = item %}
											{%- if true -%}
													{
													"id": {{product.id}},
													"title": {{product.title | json}},
													"handle": {{product.handle | json}},
													"price": {{product.price| json}},
													"price_min": {{product.price_min| json}},
													"price_max": {{product.price_max| json}},
													"available": {{product.available | json}},
													"price_varies": {{product.price_varies| json}},
													"compare_at_price": {{product.compare_at_price| json}},
													"compare_at_price_min": {{product.compare_at_price_min| json}},
													"compare_at_price_max": {{product.compare_at_price_max| json}},
													"compare_at_price_varies": {{product.compare_at_price_varies| json}},
													"variants":  {{product.variants  | json}},
													"featured_image": {{product.featured_image | json}},
													"options": [
													{%- for option in product.options -%}
													{{ option | json}}{%- if forloop.last == false -%},{%- endif -%}
													{%-endfor -%}
													]
													}
													{%- endif -%}
									 			</script>
										</form>
									@endif
							</div>
						</div>
					{% endfor %}

		EOF,
		"content" : ""

	}
}
