{
	"money_format": {
		"raw":"{{shop.money_format | url_encode }}",
		"content":"${{amount}}"
	},
	"product":{
		"raw":<<EOF
		{%- assign color_names = '' | split: ',' -%}
		{%- assign color_names_downcase = '' | split: ',' -%}
		{%- assign color_values = '' | split: ','  -%}
		{%- if shop.metafields.layouthub and shop.metafields.layouthub.colors and shop.metafields.layouthub.colors contains '|' -%}
			{% assign colors = shop.metafields.layouthub.colors | split: '|' %}
			{%- assign color_names = colors | first | strip | split: ',' -%}
			{%- assign color_names_downcase = colors | first | strip | downcase | split: ',' -%}
			{%- assign color_values = colors | last | strip | split: ',' -%}
		 {%- endif -%}
		EOF,
		"content":""
	},
	"collections":{
		"raw":<<EOF
			{% assign limit = @print(section.settings.limit)%}

				<div class="lh-wrap-content lh-row">
						@if(section.settings.collections.length && section.settings.collections[0].value)
							{% assign c = collections['@print(section.settings.collections[0].value)'] %}
						@else
							{% assign c = collections['all'] %}
						@endif
						<div class="lh-item-collection lh-col-md-8 lh-offset-2">
							<div class="js-product-list owl-carousel owl-theme">
								{% for item in c.products limit:limit %}
									{% assign first_variant = item.selected_or_first_available_variant %}
									{% assign product = item %}
									{% assign isSale = false %}
									{%- if first_variant.price < first_variant.compare_at_price and first_variant.available -%}
										{% assign isSale = true %}
									{%- endif -%}
									<div class="lh-collection-item">
										<div class="lh-collection-thumb">
											<a href="{{item.url | within: collection}}">
											@if(section.settings.image_size == 'full' || section.settings.image_size == '' )
													<img src="{{item.featured_image | img_url : 'master'}}" alt="{{item.title}}">
												{% if item.images.size > 1 %}
													<img src="{{item.images[1] | img_url : 'master'}}" class="hover-image" alt="{{item.title}}">
												{% else %}
													<img src="{{item.featured_image | img_url : 'master'}}" class="hover-image" alt="{{item.title}}">
												{% endif %}
											@else
												<img src="{{item.featured_image | img_url : '@print(section.settings.image_size)'}}" alt="{{item.title}}">
												{% if item.images.size > 1 %}
													<img src="{{item.images[1] | img_url : '@print(section.settings.image_size)'}}" class="hover-image" alt="{{item.title}}">
												{% else %}
													<img src="{{item.featured_image | img_url : '@print(section.settings.image_size)'}}" class="hover-image" alt="{{item.title}}">
												{% endif %}
											@endif

											</a>
											<div class="lh-product-badges">
												{% if first_variant.available == false %}
												<span class="lh-sold-out">@print(section.settings.soldout_text)</span>
												{% else %}
													{% if isSale %}
														<span class="lh-onsale">-{{ first_variant.compare_at_price | minus: first_variant.price | times: 100 | divided_by: first_variant.compare_at_price }}%</span>
													{% endif %}
														{%- for tag in item.tags -%}
															{%- if tag == 'new' -%}
																<span class="lh-hot">@print(section.settings.new_text)</span>
																{%- break -%}
															{%- endif -%}
														{%- endfor -%}
												{% endif %}
											</div>
										</div>
										<div class="lh-collection-info">
												<div class="lh-title-wrap ">
													<h3 class="lh-product-title">
														<a href="{{item.url | within: collection}}">{{item.title}}</a>
													</h3>
												</div>
												<div class="lh-price">
													<ins class="lh-product-price">{{first_variant.price | money}}</ins>
													{% if first_variant.compare_at_price > 0 and item.compare_at_price > first_variant.price %}
													<del class="lh-product-compare-price">{{first_variant.compare_at_price | money}}</del>
													{% endif %}
												</div>
												@if(section.settings.use_rating == "yes")
												<div class="lh-wrap-rating">
													{% render 'layouthub_review',  review_type: 'single' , product: item %}
												</div>
												@endif
										</div>
									</div>
								{% endfor %}
							</div>

						</div>
						<div class="lh-custom-dots"></div>
				</div>

		EOF,
		"content": ""
	},
	"product_items" : {
		"raw" : <<EOF
					@if(section.settings.collection && section.settings.collection.length)
						{% assign current = collections['@print(section.settings.collection[0].value)'] %}
					@else
						{% assign current = collections['all'] %}
					@endif
		EOF,
		"content" : ""

	}
}
